{"cameraMode":{"drawMode":0,"name":"Shaded","section":"Shading Mode"},"sceneLighting":false,"audioPlay":false,"sceneViewState":{"showFog":true,"showMaterialUpdate":false,"showSkybox":true,"showFlares":true,"showImageEffects":true,"showParticleSystems":true},"in2DMode":false,"pivot":{"x":-0.006273448467254639,"y":0.3529590666294098,"z":5.552839279174805},"rotation":{"x":-0.0866132602095604,"y":0.8999052047729492,"z":-0.20910291373729707,"w":-0.37275293469429018},"size":2.5665512084960939,"orthographic":false}