{"cameraMode":{"drawMode":0,"name":"Shaded","section":"Shading Mode"},"sceneLighting":true,"audioPlay":false,"sceneViewState":{"showFog":true,"showMaterialUpdate":false,"showSkybox":true,"showFlares":true,"showImageEffects":true,"showParticleSystems":true},"in2DMode":false,"pivot":{"x":0.3979926109313965,"y":-1.227712631225586,"z":11.386743545532227},"rotation":{"x":-0.08277236670255661,"y":0.910635232925415,"z":-0.22314730286598206,"w":-0.33778321743011477},"size":47.878849029541019,"orthographic":false}