{"cameraMode":{"drawMode":0,"name":"Shaded","section":"Shading Mode"},"sceneLighting":false,"audioPlay":false,"sceneViewState":{"showFog":true,"showMaterialUpdate":false,"showSkybox":true,"showFlares":true,"showImageEffects":true,"showParticleSystems":true},"in2DMode":false,"pivot":{"x":-0.049202337861061099,"y":0.4532134532928467,"z":2.067549228668213},"rotation":{"x":-0.0866132602095604,"y":0.8999052047729492,"z":-0.20910291373729707,"w":-0.37275293469429018},"size":1.5831835269927979,"orthographic":false}